Topics,Alpha,Beta,Coherence_C_V,Coherence_C_U_mass
5,0.1,0.01,0.8449898365479278,-2.463426084633629
5,0.1,0.31,0.7230788866019928,-3.6509946284270187
5,0.1,0.61,0.8207855250747512,-2.678448634655903
5,0.1,0.9099999999999999,0.8849945537975522,-2.0688891221921675
5,0.4,0.01,0.5852055737612942,-6.442394812592153
5,0.4,0.31,0.6568248404276597,-4.824220210715764
5,0.4,0.61,0.8075211430805618,-2.6817100281752415
5,0.4,0.9099999999999999,0.8328259593475783,-2.3737825087270323
5,0.7000000000000001,0.01,0.9833178358757172,-0.22435461163663972
5,0.7000000000000001,0.31,0.7377329608435834,-4.385437699340236
5,0.7000000000000001,0.61,0.7993869987820357,-3.3299094865243815
5,0.7000000000000001,0.9099999999999999,0.7497980548443456,-3.8016923561991014
5,1.0000000000000002,0.01,0.4377150590689471,-7.301525621775117
5,1.0000000000000002,0.31,0.8684889052045841,-1.5029890181067675
5,1.0000000000000002,0.61,0.9648011294287286,-0.7079260227945049
5,1.0000000000000002,0.9099999999999999,0.8677551877238845,-1.4772500033780536
5,1.3000000000000003,0.01,0.8307403472571749,-2.594324392980996
5,1.3000000000000003,0.31,0.8291201540831968,-2.5455839731931205
5,1.3000000000000003,0.61,0.7715007335256587,-3.2945624212425755
5,1.3000000000000003,0.9099999999999999,0.9237417412156097,-1.532752593076153
5,1.6000000000000003,0.01,0.60066378144753,-5.6432111551330415
5,1.6000000000000003,0.31,0.9046657669118133,-1.802513096948395
5,1.6000000000000003,0.61,0.8677551877238845,-1.4772500033780536
5,1.6000000000000003,0.9099999999999999,0.8843118490668394,-2.1018828661552513
5,1.9000000000000004,0.01,0.7128753894639586,-4.617859314158159
5,1.9000000000000004,0.31,0.5428497097750402,-6.604619525103528
5,1.9000000000000004,0.61,0.7711980561564744,-2.7775250165369156
5,1.9000000000000004,0.9099999999999999,0.8750962453497145,-1.3179093438143217
5,2.2000000000000006,0.01,0.6392997313812886,-5.582157070818105
5,2.2000000000000006,0.31,0.6182414020571102,-6.197594330609973
5,2.2000000000000006,0.61,0.8073910581794731,-2.687671117811884
5,2.2000000000000006,0.9099999999999999,0.8763512844442491,-1.5690657937346646
5,2.5000000000000004,0.01,0.9840039443400223,-0.22638723805763328
5,2.5000000000000004,0.31,0.7888323400744408,-3.0925364402578177
5,2.5000000000000004,0.61,0.6599727621652456,-4.8320081123545835
5,2.5000000000000004,0.9099999999999999,0.983448168862892,-0.2297270641839307
5,2.8000000000000003,0.01,0.6325633099401189,-5.024224952170131
5,2.8000000000000003,0.31,0.5926113128463354,-5.627485567155678
5,2.8000000000000003,0.61,0.9246205667570649,-0.3402395156095125
5,2.8000000000000003,0.9099999999999999,0.9809631151507835,-0.2360426153007545
5,3.1000000000000005,0.01,0.6958424136742558,-3.8994956136875154
5,3.1000000000000005,0.31,0.875109294929475,-1.3178250883325602
5,3.1000000000000005,0.61,0.9831623381389193,-0.2580515965288424
5,3.1000000000000005,0.9099999999999999,0.7977786562439257,-2.72077371674919
5,3.400000000000001,0.01,0.9834492838586912,-0.2606074030755837
5,3.400000000000001,0.31,0.9334544651983103,-0.34317578340903376
5,3.400000000000001,0.61,0.6954439185076045,-3.978839724545586
5,3.400000000000001,0.9099999999999999,0.9835933876090387,-0.22149605561891353
5,3.7000000000000006,0.01,0.941511873370428,-0.3812905649191632
5,3.7000000000000006,0.31,0.8345145333118289,-2.5863577645444495
5,3.7000000000000006,0.61,0.8043101198699395,-2.751059210044428
5,3.7000000000000006,0.9099999999999999,0.8325421651881479,-2.361092482093751
5,4.0,0.01,0.9835933876090388,-0.21759884103233293
5,4.0,0.31,0.7174603981698737,-4.598821698948965
5,4.0,0.61,0.6069568672214214,-5.737029738531622
5,4.0,0.9099999999999999,0.8681244422664104,-1.5198774796085843
5,4.300000000000001,0.01,0.6823346893982059,-4.266173745060623
5,4.300000000000001,0.31,0.6654955483588034,-5.0287677313497285
5,4.300000000000001,0.61,0.8729027488133161,-1.5555210344182924
5,4.300000000000001,0.9099999999999999,0.9834680521718058,-0.2362665892186672
5,4.6000000000000005,0.01,0.9428662637575915,-1.1027243903492852
5,4.6000000000000005,0.31,0.8678415012142194,-1.5187835082070564
5,4.6000000000000005,0.61,0.8371453965727055,-2.0970033529181955
5,4.6000000000000005,0.9099999999999999,0.7371101668845303,-4.170914259379959
5,4.9,0.01,0.9835760365320547,-0.2213430865658831
5,4.9,0.31,0.8655178218218458,-2.336578545285467
5,4.9,0.61,0.9463510217403825,-0.2932626305253441
5,4.9,0.9099999999999999,0.8678504294376145,-1.4950619233498155
10,0.1,0.01,0.8912956394444,-1.3684424146892167
10,0.1,0.31,0.7358159945901159,-4.503530449141709
10,0.1,0.61,0.7662412726001279,-3.6951014727513956
10,0.1,0.9099999999999999,0.9196245960906403,-1.4856619472005523
10,0.4,0.01,0.8393349789084809,-2.6435396495496137
10,0.4,0.31,0.840058436266283,-2.4997165134144597
10,0.4,0.61,0.9350653517859078,-0.8108534996119738
10,0.4,0.9099999999999999,0.9330216561960768,-1.171374613531718
10,0.7000000000000001,0.01,0.9888559960045195,-0.19938207420437895
10,0.7000000000000001,0.31,0.8398024921988109,-2.3727603695026174
10,0.7000000000000001,0.61,0.6769859147966575,-5.026688180838785
10,0.7000000000000001,0.9099999999999999,0.8525443144161591,-2.3204004408735583
10,1.0000000000000002,0.01,0.8284981633849489,-2.5348248738300057
10,1.0000000000000002,0.31,0.9501875944999985,-0.6252710409206672
10,1.0000000000000002,0.61,0.9168896334249987,-1.3413614727354906
10,1.0000000000000002,0.9099999999999999,0.9916935493005112,-0.16460532211752915
10,1.3000000000000003,0.01,0.8777529624128133,-2.156024231304725
10,1.3000000000000003,0.31,0.882802116900668,-1.481121096282959
10,1.3000000000000003,0.61,0.7857967653599716,-3.3183786727266886
10,1.3000000000000003,0.9099999999999999,0.8444044568622763,-2.7300232680825127
10,1.6000000000000003,0.01,0.7520613027411058,-3.7062329693037155
10,1.6000000000000003,0.31,0.929190340204759,-0.9331001971103756
10,1.6000000000000003,0.61,0.9323978978504407,-1.2196890064007557
10,1.6000000000000003,0.9099999999999999,0.9336263376083405,-1.1714918693713225
10,1.9000000000000004,0.01,0.9918113450042425,-0.16119069001898995
10,1.9000000000000004,0.31,0.9500953898016752,-0.9301377591472397
10,1.9000000000000004,0.61,0.8561886873275435,-2.300901166831688
10,1.9000000000000004,0.9099999999999999,0.9721203852260535,-0.6495168906932153
10,2.2000000000000006,0.01,0.8969728936881063,-1.7558842842593454
10,2.2000000000000006,0.31,0.9325454742102224,-0.808717122169163
10,2.2000000000000006,0.61,0.8246862377991107,-2.825161466968083
10,2.2000000000000006,0.9099999999999999,0.9724633436223838,-0.5858905292382506
10,2.5000000000000004,0.01,0.8842039794188755,-2.093855129650838
10,2.5000000000000004,0.31,0.9441536312187981,-1.123234013167811
10,2.5000000000000004,0.61,0.8237519938119144,-3.11589146352005
10,2.5000000000000004,0.9099999999999999,0.9919937235646868,-0.17989035569782563
10,2.8000000000000003,0.01,0.842173101967278,-2.4246077891979603
10,2.8000000000000003,0.31,0.9914327752785639,-0.14716555040294316
10,2.8000000000000003,0.61,0.8209182554787471,-2.9598049738069694
10,2.8000000000000003,0.9099999999999999,0.8858469035569065,-2.0570902406605547
10,3.1000000000000005,0.01,0.813840912513785,-3.5396282912081602
10,3.1000000000000005,0.31,0.7874509472462647,-3.819583488001432
10,3.1000000000000005,0.61,0.7951041357024362,-2.9971019270399823
10,3.1000000000000005,0.9099999999999999,0.952350469841282,-0.9316931870987618
10,3.400000000000001,0.01,0.8862214242036199,-1.926978590782903
10,3.400000000000001,0.31,0.9324596822749227,-0.8375597794078107
10,3.400000000000001,0.61,0.8294296386017092,-2.794112860972551
10,3.400000000000001,0.9099999999999999,0.8510782874351446,-2.0062476962007993
10,3.7000000000000006,0.01,0.8550394245511189,-2.384872385110179
10,3.7000000000000006,0.31,0.9053455516966146,-1.3839561363698423
10,3.7000000000000006,0.61,0.932148792728421,-1.1684600698923386
10,3.7000000000000006,0.9099999999999999,0.7476770535734564,-3.839517850793699
10,4.0,0.01,0.8877402298492253,-1.942879634702447
10,4.0,0.31,0.9591266822238567,-0.8100264554005724
10,4.0,0.61,0.9116430014958731,-1.350855404529336
10,4.0,0.9099999999999999,0.8607535691007518,-2.3434631637129266
10,4.300000000000001,0.01,0.9046938730662732,-1.9478862018711514
10,4.300000000000001,0.31,0.8405795212980323,-2.6554825712449874
10,4.300000000000001,0.61,0.9518782286437115,-0.9537162361123988
10,4.300000000000001,0.9099999999999999,0.9018987267047877,-1.4042417370644547
10,4.6000000000000005,0.01,0.928605050527304,-1.3584265969454905
10,4.6000000000000005,0.31,0.918733193471526,-1.3355079476118354
10,4.6000000000000005,0.61,0.8572447690033371,-2.38376371042516
10,4.6000000000000005,0.9099999999999999,0.9066242736603618,-0.45367579952059733
10,4.9,0.01,0.9228666056579904,-1.3623709068055205
10,4.9,0.31,0.9629042782080972,-0.7710304327916552
10,4.9,0.61,0.8949987577608114,-1.8482051305845633
10,4.9,0.9099999999999999,0.9323572437303922,-0.818923056365721
15,0.1,0.01,0.9249412309515741,-1.4514230958839254
15,0.1,0.31,0.9616054295469106,-0.8258452986624029
15,0.1,0.61,0.8699081683149122,-2.2290017824844575
15,0.1,0.9099999999999999,0.945466856476685,-0.8736865317276173
15,0.4,0.01,0.9597505076909262,-0.8000290234522891
15,0.4,0.31,0.9551740177288919,-0.8974275627714571
15,0.4,0.61,0.8876462575045283,-1.696939617675131
15,0.4,0.9099999999999999,,-3.322997322575105
15,0.7000000000000001,0.01,0.9409599686447933,-1.0943756881741287
15,0.7000000000000001,0.31,0.8895873737174017,-1.8860535934435598
15,0.7000000000000001,0.61,0.9658070025585652,-0.6557601401366798
15,0.7000000000000001,0.9099999999999999,,-0.6658780208247082
15,1.0000000000000002,0.01,0.8662779150998415,-2.5074585577348993
15,1.0000000000000002,0.31,0.9613678022713952,-0.7104003861419722
15,1.0000000000000002,0.61,,-2.1114694012598054
15,1.0000000000000002,0.9099999999999999,,-2.5362206488531225
15,1.3000000000000003,0.01,0.8910877265619381,-1.6808476025386325
15,1.3000000000000003,0.31,0.8552130043798162,-2.1354319657740297
15,1.3000000000000003,0.61,0.8975613877259765,-1.6720674426599396
15,1.3000000000000003,0.9099999999999999,,-4.023097660950878
15,1.6000000000000003,0.01,0.879601166202112,-1.8512739753623177
15,1.6000000000000003,0.31,0.9049878717859143,-1.8955533342714888
15,1.6000000000000003,0.61,0.9518660096545626,-1.0075637706682576
15,1.6000000000000003,0.9099999999999999,,-2.8468049740178634
15,1.9000000000000004,0.01,0.8828976420695817,-1.8361478495370243
15,1.9000000000000004,0.31,0.875571173525153,-1.7643479282761154
15,1.9000000000000004,0.61,0.8959179163823757,-1.8148315891831268
15,1.9000000000000004,0.9099999999999999,,-2.1157802431231842
15,2.2000000000000006,0.01,0.9576183722488659,-0.5551676856512289
15,2.2000000000000006,0.31,0.9194283294267689,-1.4266014654670514
15,2.2000000000000006,0.61,0.9499840437266511,-0.9969256861548685
15,2.2000000000000006,0.9099999999999999,,-1.402477636802937
15,2.5000000000000004,0.01,0.8698018976937829,-2.213506391525528
15,2.5000000000000004,0.31,0.8832248231551337,-1.8558797442512687
15,2.5000000000000004,0.61,0.9746723559665611,-0.5254381329554263
15,2.5000000000000004,0.9099999999999999,,-2.0025765155015707
15,2.8000000000000003,0.01,0.902304557016049,-1.623192737403254
15,2.8000000000000003,0.31,0.9088040503683884,-1.8353887755008473
15,2.8000000000000003,0.61,0.9490297420982644,-1.0011343122977254
15,2.8000000000000003,0.9099999999999999,,-1.779002908686871
15,3.1000000000000005,0.01,0.8703475427674604,-1.9899436476248944
15,3.1000000000000005,0.31,0.9811005210957112,-0.43759355959711826
15,3.1000000000000005,0.61,0.9111985353893158,-1.5233117383661265
15,3.1000000000000005,0.9099999999999999,,-2.743629240297624
15,3.400000000000001,0.01,0.7968650288250685,-3.4216365335539654
15,3.400000000000001,0.31,0.9460831447949777,-1.0587679111982427
15,3.400000000000001,0.61,0.9204255378438813,-1.5642848524934228
15,3.400000000000001,0.9099999999999999,,-2.8293752348541927
15,3.7000000000000006,0.01,0.9096993311139687,-1.5388655710049666
15,3.7000000000000006,0.31,0.9606615690012964,-0.7563836854608087
15,3.7000000000000006,0.61,0.856931554831424,-2.245742068896128
15,3.7000000000000006,0.9099999999999999,,-1.2802520843263683
15,4.0,0.01,0.9296474923127479,-1.169718123638809
15,4.0,0.31,0.9695527837105083,-0.7229649814300141
15,4.0,0.61,0.8104676862846153,-2.903573475644092
15,4.0,0.9099999999999999,,-2.387301727380732
15,4.300000000000001,0.01,0.6535151042755675,-5.373481990651133
15,4.300000000000001,0.31,0.8917140576583159,-1.948982597964602
15,4.300000000000001,0.61,0.8660484514169116,-2.538713920511874
15,4.300000000000001,0.9099999999999999,,-1.8957060492945088
15,4.6000000000000005,0.01,0.8526083522988813,-2.494452286270925
15,4.6000000000000005,0.31,0.9325607104529247,-0.858561379842928
15,4.6000000000000005,0.61,0.8800748357736582,-2.080273538476476
15,4.6000000000000005,0.9099999999999999,,-1.965222121800134
15,4.9,0.01,0.7875716870817265,-3.4151187216369294
15,4.9,0.31,0.8994837117718095,-1.5562354975047603
15,4.9,0.61,,-2.6057961413151807
15,4.9,0.9099999999999999,,-2.3945814414826363
20,0.1,0.01,0.9473335948741125,-1.1212608495774936
20,0.1,0.31,0.9697183648459138,-0.6470648748901804
20,0.1,0.61,,-2.786557395583333
20,0.1,0.9099999999999999,,-2.2609167341665026
20,0.4,0.01,0.8147041190805059,-3.4541034168212486
20,0.4,0.31,0.9721485900458241,-0.5742357173046231
20,0.4,0.61,,-2.6200162702722705
20,0.4,0.9099999999999999,,-2.65948933675477
20,0.7000000000000001,0.01,0.8664134965213053,-2.38963795420333
20,0.7000000000000001,0.31,0.9129529549063335,-0.9078920447035539
20,0.7000000000000001,0.61,,-1.9553867659862376
20,0.7000000000000001,0.9099999999999999,,-3.1647834228342235
20,1.0000000000000002,0.01,0.8879861090506964,-1.9070551647892215
20,1.0000000000000002,0.31,0.8865177487047076,-2.2075813905180284
20,1.0000000000000002,0.61,,-2.4896912114262877
20,1.0000000000000002,0.9099999999999999,,-2.31608288518002
20,1.3000000000000003,0.01,0.9189110919198746,-1.420702237861446
20,1.3000000000000003,0.31,0.9045741799005624,-1.7150799705520547
20,1.3000000000000003,0.61,,-3.3612038637050548
20,1.3000000000000003,0.9099999999999999,,-1.8474635373674324
20,1.6000000000000003,0.01,0.9363528885778869,-1.1817368618337523
20,1.6000000000000003,0.31,0.840171824255099,-2.543568589732609
20,1.6000000000000003,0.61,,-1.7868032223215724
20,1.6000000000000003,0.9099999999999999,,-2.280960359020873
20,1.9000000000000004,0.01,0.8026169122081669,-3.193576275989164
20,1.9000000000000004,0.31,0.925319333364342,-1.4100605383555294
20,1.9000000000000004,0.61,,-0.7828525701036784
20,1.9000000000000004,0.9099999999999999,,-1.4002551428888894
20,2.2000000000000006,0.01,0.8886850669205673,-1.9922206625123873
20,2.2000000000000006,0.31,0.8915776927316506,-1.981790931945055
20,2.2000000000000006,0.61,,-1.7514704477470762
20,2.2000000000000006,0.9099999999999999,,-2.1217670387272625
20,2.5000000000000004,0.01,0.9609741605060165,-0.7088370264039434
20,2.5000000000000004,0.31,0.9145496812434966,-1.496051533221102
20,2.5000000000000004,0.61,,-2.5054375236002473
20,2.5000000000000004,0.9099999999999999,,-2.380511130417508
20,2.8000000000000003,0.01,0.9414857449700346,-1.0607603242891495
20,2.8000000000000003,0.31,0.8751487647641311,-2.1888522277723146
20,2.8000000000000003,0.61,0.9393571257706512,-1.2088263586340067
20,2.8000000000000003,0.9099999999999999,,-2.8052961687304254
20,3.1000000000000005,0.01,0.8727067101544146,-2.438316567141814
20,3.1000000000000005,0.31,0.8584487489152091,-2.2963857653670154
20,3.1000000000000005,0.61,,-3.1789352878891295
20,3.1000000000000005,0.9099999999999999,,-2.00010707456245
20,3.400000000000001,0.01,0.9272627740012039,-1.3417285749024206
20,3.400000000000001,0.31,0.8729344718814153,-2.4478311834838613
20,3.400000000000001,0.61,,-2.6209533482887313
20,3.400000000000001,0.9099999999999999,,-2.428530914597628
20,3.7000000000000006,0.01,0.815116136927957,-3.1808134689958374
20,3.7000000000000006,0.31,0.8457146189457042,-2.605910491880038
20,3.7000000000000006,0.61,,-1.9702498647683329
20,3.7000000000000006,0.9099999999999999,,-1.6244710693630886
20,4.0,0.01,0.9227924461395762,-1.2741936014230424
20,4.0,0.31,0.9474625354189927,-1.0670914374872937
20,4.0,0.61,,-2.0200257177450895
20,4.0,0.9099999999999999,,-1.740325883005695
20,4.300000000000001,0.01,0.8199871273396745,-3.1865571145898266
20,4.300000000000001,0.31,0.9861551647279704,-0.2464800355657562
20,4.300000000000001,0.61,,-1.9088858560795003
20,4.300000000000001,0.9099999999999999,,-3.139587815281165
20,4.6000000000000005,0.01,0.9102917736426879,-1.6208017178125396
20,4.6000000000000005,0.31,0.9283014730303011,-1.4107108604152818
20,4.6000000000000005,0.61,,-1.724907060128902
20,4.6000000000000005,0.9099999999999999,,-1.8483954703367125
20,4.9,0.01,0.9228513592170327,-1.6046797701769395
20,4.9,0.31,0.8709630268039902,-2.0664400509857237
20,4.9,0.61,,-2.899963914435857
20,4.9,0.9099999999999999,,-2.5505592887325634
25,0.1,0.01,0.9000238821397295,-1.6631825776296163
25,0.1,0.31,0.8609716954051604,-2.3556246248518606
25,0.1,0.61,,-1.2985888185980092
25,0.1,0.9099999999999999,,-2.6182227727896628
25,0.4,0.01,0.9452435342041821,-0.9451981684426773
25,0.4,0.31,,-1.8260455966796294
25,0.4,0.61,,-1.8837996937618573
25,0.4,0.9099999999999999,,-2.6367617602141955
25,0.7000000000000001,0.01,0.9454705009575628,-1.022375184637883
25,0.7000000000000001,0.31,0.9151775405796482,-1.506894156325076
25,0.7000000000000001,0.61,,-1.0675562347482268
25,0.7000000000000001,0.9099999999999999,,-2.408869641848091
25,1.0000000000000002,0.01,0.9325254123934781,-1.08379317367688
25,1.0000000000000002,0.31,0.9083715281471845,-1.9916090827799786
25,1.0000000000000002,0.61,,-2.406569828397478
25,1.0000000000000002,0.9099999999999999,,-2.201632726956122
25,1.3000000000000003,0.01,0.8828361555507125,-2.0367659937173186
25,1.3000000000000003,0.31,,-1.7314664544153928
25,1.3000000000000003,0.61,,-2.4387386333944754
25,1.3000000000000003,0.9099999999999999,,-3.5776225637523296
25,1.6000000000000003,0.01,0.8840798757288522,-2.1007174685708785
25,1.6000000000000003,0.31,0.8107529168917206,-2.9994758152405807
25,1.6000000000000003,0.61,,-1.6934432661212733
25,1.6000000000000003,0.9099999999999999,,-1.910037832110727
25,1.9000000000000004,0.01,0.8993623298579742,-1.865208942049567
25,1.9000000000000004,0.31,,-2.2327669328299744
25,1.9000000000000004,0.61,,-1.4294481890637314
25,1.9000000000000004,0.9099999999999999,,-2.0839864492120386
25,2.2000000000000006,0.01,0.9385850186440708,-1.3482128690614232
25,2.2000000000000006,0.31,,-2.7724198395297206
25,2.2000000000000006,0.61,,-2.4216002055119663
25,2.2000000000000006,0.9099999999999999,,-2.4960322502362917
25,2.5000000000000004,0.01,0.9226500510476776,-1.4504000892281983
25,2.5000000000000004,0.31,0.8938251508887012,-1.792078356714071
25,2.5000000000000004,0.61,,-2.6750256718456957
25,2.5000000000000004,0.9099999999999999,,-2.3898283131112508
25,2.8000000000000003,0.01,0.9401168359154104,-1.046475167873047
25,2.8000000000000003,0.31,0.8666136970391669,-2.353118325706168
25,2.8000000000000003,0.61,,-3.223494337030216
25,2.8000000000000003,0.9099999999999999,,-2.1187556171660877
25,3.1000000000000005,0.01,0.9213999609152413,-1.3979890795597
25,3.1000000000000005,0.31,0.8778144123850388,-2.0934427020430806
25,3.1000000000000005,0.61,,-1.4615309289553513
25,3.1000000000000005,0.9099999999999999,,-2.2123753969156947
25,3.400000000000001,0.01,0.8749537858723437,-2.3568185728844013
25,3.400000000000001,0.31,0.7734402160090097,-3.8361183538045305
25,3.400000000000001,0.61,,-1.50195862583915
25,3.400000000000001,0.9099999999999999,,-2.4103669926054643
25,3.7000000000000006,0.01,0.8448929962322651,-2.7038349733693146
25,3.7000000000000006,0.31,0.8746044282117384,-2.1734040401216737
25,3.7000000000000006,0.61,,-2.1583574543727635
25,3.7000000000000006,0.9099999999999999,,-3.0877186858440906
25,4.0,0.01,0.8939463345229893,-1.846946986171542
25,4.0,0.31,0.9446928424972443,-0.995043976695989
25,4.0,0.61,,-3.262759520961299
25,4.0,0.9099999999999999,,-2.9675158812145264
25,4.300000000000001,0.01,0.8448106191830032,-2.4155319939458946
25,4.300000000000001,0.31,0.8780338392084239,-2.1528493147162884
25,4.300000000000001,0.61,,-2.237421849773057
25,4.300000000000001,0.9099999999999999,,-2.6235376132361794
25,4.6000000000000005,0.01,0.9168531846856551,-1.679211919392519
25,4.6000000000000005,0.31,,-2.043574086173156
25,4.6000000000000005,0.61,,-1.6133340603355755
25,4.6000000000000005,0.9099999999999999,,-1.80457305411301
25,4.9,0.01,0.961944436350297,-0.756982587945501
25,4.9,0.31,0.9577474179274036,-0.6590268093760039
25,4.9,0.61,,-3.366017126291695
25,4.9,0.9099999999999999,,-2.8671262925608274
30,0.1,0.01,0.8891807039277716,-2.030583853604542
30,0.1,0.31,,-2.5629158058452473
30,0.1,0.61,,-2.1373180190891317
30,0.1,0.9099999999999999,,-2.9990546631818935
30,0.4,0.01,0.8264018134530304,-2.740994781042024
30,0.4,0.31,,-2.33601250739594
30,0.4,0.61,,-1.80622400295628
30,0.4,0.9099999999999999,,-2.7151356944553187
30,0.7000000000000001,0.01,0.908735771663277,-1.6480283275157377
30,0.7000000000000001,0.31,0.910160979331667,-1.7410456058972403
30,0.7000000000000001,0.61,,-2.025000625694263
30,0.7000000000000001,0.9099999999999999,,-2.672519441317394
30,1.0000000000000002,0.01,0.905621693405438,-1.5968002051986414
30,1.0000000000000002,0.31,,-1.7592703056040315
30,1.0000000000000002,0.61,,-2.1694371013054905
30,1.0000000000000002,0.9099999999999999,,-2.9627049261362637
30,1.3000000000000003,0.01,0.8996027607902292,-1.7851892762571624
30,1.3000000000000003,0.31,,-3.0953777916713365
30,1.3000000000000003,0.61,,-2.520106778573248
30,1.3000000000000003,0.9099999999999999,,-2.4467158791781425
30,1.6000000000000003,0.01,0.9163648395817375,-1.630741839914825
30,1.6000000000000003,0.31,,-1.860503349056219
30,1.6000000000000003,0.61,,-2.8018986194420514
30,1.6000000000000003,0.9099999999999999,,-3.6854949832243857
30,1.9000000000000004,0.01,0.8564010447009576,-2.488071046644468
30,1.9000000000000004,0.31,,-1.2604813668296393
30,1.9000000000000004,0.61,,-2.260952814354601
30,1.9000000000000004,0.9099999999999999,,-4.049461128513488
30,2.2000000000000006,0.01,0.8606644943187878,-2.4974977380112358
30,2.2000000000000006,0.31,0.9148135128233583,-1.6995880785451267
30,2.2000000000000006,0.61,,-1.9831820324218654
30,2.2000000000000006,0.9099999999999999,,-2.642671912845036
30,2.5000000000000004,0.01,0.8877627281050674,-2.163926480909652
30,2.5000000000000004,0.31,,-1.796117681539666
30,2.5000000000000004,0.61,,-3.3386355732484287
30,2.5000000000000004,0.9099999999999999,,-3.470788410515888
30,2.8000000000000003,0.01,0.942970278607165,-1.028044872704936
30,2.8000000000000003,0.31,0.9368577691660003,-1.1381642646567123
30,2.8000000000000003,0.61,,-2.803118069012123
30,2.8000000000000003,0.9099999999999999,,-3.5750955247342264
30,3.1000000000000005,0.01,0.8614921729213044,-2.3802715893386477
30,3.1000000000000005,0.31,,-0.5583808405644326
30,3.1000000000000005,0.61,,-2.595291273417244
30,3.1000000000000005,0.9099999999999999,,-2.737430895193122
30,3.400000000000001,0.01,0.9183437120177059,-1.238170590378864
30,3.400000000000001,0.31,0.9198520220362073,-1.4931383718406315
30,3.400000000000001,0.61,,-2.3558232958542242
30,3.400000000000001,0.9099999999999999,,-2.84340267381873
30,3.7000000000000006,0.01,0.899477571561542,-1.6889244790729872
30,3.7000000000000006,0.31,,-2.7172106590742633
30,3.7000000000000006,0.61,,-2.621118398792591
30,3.7000000000000006,0.9099999999999999,,-3.4383120751826177
30,4.0,0.01,0.9081083029871009,-1.6291063146155276
30,4.0,0.31,,-2.4513570773396016
30,4.0,0.61,,-3.404990962877868
30,4.0,0.9099999999999999,,-2.511104022632608
30,4.300000000000001,0.01,0.8747381306714437,-2.326798504898492
30,4.300000000000001,0.31,0.8805156238399252,-2.1755091431788274
30,4.300000000000001,0.61,,-3.5149469788050762
30,4.300000000000001,0.9099999999999999,,-2.5646150239674412
30,4.6000000000000005,0.01,0.8941408457981223,-1.9484298577311412
30,4.6000000000000005,0.31,,-1.3816055881349276
30,4.6000000000000005,0.61,,-1.9477912828842487
30,4.6000000000000005,0.9099999999999999,,-2.8005096330814294
30,4.9,0.01,0.9037183041746757,-1.737199896122336
30,4.9,0.31,,-3.0210972841326784
30,4.9,0.61,,-1.9535824678740852
30,4.9,0.9099999999999999,,-3.4822119227665604
35,0.1,0.01,0.9223994814777348,-1.4446460090310127
35,0.1,0.31,,-1.9585067399747764
35,0.1,0.61,,-1.8590215928182565
35,0.1,0.9099999999999999,,-2.944348948179922
35,0.4,0.01,0.829736843932491,-2.98168418728377
35,0.4,0.31,,-2.2733173644397797
35,0.4,0.61,,-2.4803008371045676
35,0.4,0.9099999999999999,,-3.3274454346982063
35,0.7000000000000001,0.01,0.8303323925903043,-2.7590450158264703
35,0.7000000000000001,0.31,,-2.0131603220462497
35,0.7000000000000001,0.61,,-2.2859438054428893
35,0.7000000000000001,0.9099999999999999,,-3.6988470101345072
35,1.0000000000000002,0.01,0.9114795753843628,-1.7201417789068265
35,1.0000000000000002,0.31,,-1.271510073386138
35,1.0000000000000002,0.61,,-2.984049594851052
35,1.0000000000000002,0.9099999999999999,,-2.5459807710298112
35,1.3000000000000003,0.01,0.8743243256090572,-2.036130004858491
35,1.3000000000000003,0.31,,-1.7330573696025522
35,1.3000000000000003,0.61,,-2.9913396014542863
35,1.3000000000000003,0.9099999999999999,,-3.176645252720791
35,1.6000000000000003,0.01,0.8844123245066501,-1.9972368197160453
35,1.6000000000000003,0.31,,-3.3270324454483684
35,1.6000000000000003,0.61,,-2.3883045995811334
35,1.6000000000000003,0.9099999999999999,,-2.6929826088954685
35,1.9000000000000004,0.01,0.8650142698063277,-2.5380384821273356
35,1.9000000000000004,0.31,,-1.6504107955606606
35,1.9000000000000004,0.61,,-2.0962388620152894
35,1.9000000000000004,0.9099999999999999,,-3.4110133013775736
35,2.2000000000000006,0.01,0.9130567053003135,-1.629480970729644
35,2.2000000000000006,0.31,,-2.7816037315620057
35,2.2000000000000006,0.61,,-2.460631015329164
35,2.2000000000000006,0.9099999999999999,,-2.9373982864193775
35,2.5000000000000004,0.01,0.8835929998094105,-1.9428280832906206
35,2.5000000000000004,0.31,,-1.864283019295613
35,2.5000000000000004,0.61,,-2.0904009787203703
35,2.5000000000000004,0.9099999999999999,,-3.7104235721879135
35,2.8000000000000003,0.01,0.830845910099074,-2.6763926864677905
35,2.8000000000000003,0.31,,-1.6751144081433522
35,2.8000000000000003,0.61,,-1.9288981627037791
35,2.8000000000000003,0.9099999999999999,,-4.407895066109445
35,3.1000000000000005,0.01,0.9113895816149284,-1.58950577165693
35,3.1000000000000005,0.31,,-2.0266031658985333
35,3.1000000000000005,0.61,,-2.766191057711943
35,3.1000000000000005,0.9099999999999999,,-2.9311538085649165
35,3.400000000000001,0.01,0.9494722833830155,-0.9279526373120969
35,3.400000000000001,0.31,,-2.191889783423816
35,3.400000000000001,0.61,,-2.7663631062585927
35,3.400000000000001,0.9099999999999999,,-3.27348871139092
35,3.7000000000000006,0.01,0.8728671922592409,-2.2989281381378857
35,3.7000000000000006,0.31,,-2.674409768366668
35,3.7000000000000006,0.61,,-2.0641186166821774
35,3.7000000000000006,0.9099999999999999,,-3.468867091138218
35,4.0,0.01,0.8886105255633087,-2.030950386265386
35,4.0,0.31,,-3.1887347018912657
35,4.0,0.61,,-2.4093223920212097
35,4.0,0.9099999999999999,,-3.3321023768403686
35,4.300000000000001,0.01,0.8931857139012362,-1.9711668884307976
35,4.300000000000001,0.31,,-1.4211240179023346
35,4.300000000000001,0.61,,-3.366290743961643
35,4.300000000000001,0.9099999999999999,,-3.0326766780341337
35,4.6000000000000005,0.01,0.847706023113076,-2.5964191554199925
35,4.6000000000000005,0.31,,-2.063319551116316
35,4.6000000000000005,0.61,,-2.8456268865867007
35,4.6000000000000005,0.9099999999999999,,-2.7832582408288316
35,4.9,0.01,0.8778542818791741,-2.2667748435119397
35,4.9,0.31,,-2.426031769102669
35,4.9,0.61,,-3.7187528787549526
35,4.9,0.9099999999999999,,-3.77604795998558
40,0.1,0.01,0.9416585958290848,-1.0830770279806612
40,0.1,0.31,,-2.451482427303044
40,0.1,0.61,,-2.5461909975305956
40,0.1,0.9099999999999999,,-3.588705184116068
40,0.4,0.01,0.8968807833065473,-1.6990267738717049
40,0.4,0.31,,-1.6547481615885502
40,0.4,0.61,,-2.5992373904416044
40,0.4,0.9099999999999999,,-3.1310198141745587
40,0.7000000000000001,0.01,0.8648818461270047,-2.2415903141649864
40,0.7000000000000001,0.31,,-2.150555550785464
40,0.7000000000000001,0.61,,-2.8651822893852974
40,0.7000000000000001,0.9099999999999999,,-3.096800946541175
40,1.0000000000000002,0.01,0.8724092353089578,-2.2605177453010343
40,1.0000000000000002,0.31,,-2.7485518732525174
40,1.0000000000000002,0.61,,-2.616386456349429
40,1.0000000000000002,0.9099999999999999,,-3.488906910033763
40,1.3000000000000003,0.01,0.8914811610714807,-2.001266098788718
40,1.3000000000000003,0.31,,-1.9268626616012696
40,1.3000000000000003,0.61,,-2.696652415662332
40,1.3000000000000003,0.9099999999999999,,-3.2004062922604546
40,1.6000000000000003,0.01,0.9038621758341405,-1.742738142949689
40,1.6000000000000003,0.31,,-1.6380727039041472
40,1.6000000000000003,0.61,,-2.769857609248449
40,1.6000000000000003,0.9099999999999999,,-3.606043123513795
40,1.9000000000000004,0.01,0.9180084535307305,-1.4785072079954102
40,1.9000000000000004,0.31,,-3.0598039915478528
40,1.9000000000000004,0.61,,-1.9704757566445739
40,1.9000000000000004,0.9099999999999999,,-3.0280958357451344
40,2.2000000000000006,0.01,0.936044276878819,-1.2737280440533845
40,2.2000000000000006,0.31,,-2.090877861550238
40,2.2000000000000006,0.61,,-3.0750252871848196
40,2.2000000000000006,0.9099999999999999,,-3.7850235125324145
40,2.5000000000000004,0.01,0.9079931002228563,-1.5413300602619866
40,2.5000000000000004,0.31,,-2.3397157018182377
40,2.5000000000000004,0.61,,-2.51383906307124
40,2.5000000000000004,0.9099999999999999,,-3.1527204179105213
40,2.8000000000000003,0.01,0.9281319075041875,-1.2953217458279007
40,2.8000000000000003,0.31,,-2.7810827619008207
40,2.8000000000000003,0.61,,-2.2256543267788103
40,2.8000000000000003,0.9099999999999999,,-3.7301592559753898
40,3.1000000000000005,0.01,0.9283538951227548,-1.2405503180894453
40,3.1000000000000005,0.31,,-2.405031214139624
40,3.1000000000000005,0.61,,-2.929485402951748
40,3.1000000000000005,0.9099999999999999,,-3.608802461614927
40,3.400000000000001,0.01,0.8658320136456,-2.29076087980527
40,3.400000000000001,0.31,,-2.1472673770372595
40,3.400000000000001,0.61,,-3.182215628047451
40,3.400000000000001,0.9099999999999999,,-3.1001896369546422
40,3.7000000000000006,0.01,0.9285444251171724,-1.2944255046357327
40,3.7000000000000006,0.31,,-1.685580965287451
40,3.7000000000000006,0.61,,-2.509577460444883
40,3.7000000000000006,0.9099999999999999,,-3.8228410161243644
40,4.0,0.01,0.8746767408830094,-2.191333538038018
40,4.0,0.31,,-2.661830856632041
40,4.0,0.61,,-2.1480869354706704
40,4.0,0.9099999999999999,,-3.34472183653225
40,4.300000000000001,0.01,0.8683925263549505,-2.2307353049426104
40,4.300000000000001,0.31,,-2.737988018785379
40,4.300000000000001,0.61,,-3.367653228780872
40,4.300000000000001,0.9099999999999999,,-4.660254959503323
40,4.6000000000000005,0.01,0.9148096609006917,-1.4760643714457928
40,4.6000000000000005,0.31,,-1.737339313478302
40,4.6000000000000005,0.61,,-3.3097664592238045
40,4.6000000000000005,0.9099999999999999,,-3.2051474256269707
40,4.9,0.01,0.9194224032642614,-1.3846845111100468
40,4.9,0.31,,-2.27734883515595
40,4.9,0.61,,-3.131902807371975
40,4.9,0.9099999999999999,,-3.032974907338995
45,0.1,0.01,0.9015962089608152,-1.7991752379496666
45,0.1,0.31,,-2.73914482071117
45,0.1,0.61,,-2.973733327169734
45,0.1,0.9099999999999999,,-3.492645926286394
45,0.4,0.01,0.9210228996305855,-1.4776528645890907
45,0.4,0.31,,-2.5046203906219
45,0.4,0.61,,-2.3497900060476735
45,0.4,0.9099999999999999,,-3.2435600750626072
45,0.7000000000000001,0.01,0.8384359016560878,-2.8402434516100707
45,0.7000000000000001,0.31,,-2.216605969387605
45,0.7000000000000001,0.61,,-2.6140117509549077
45,0.7000000000000001,0.9099999999999999,,-3.520580364392735
45,1.0000000000000002,0.01,0.8954127817853681,-1.9267863342396032
45,1.0000000000000002,0.31,,-2.3152994009540153
45,1.0000000000000002,0.61,,-2.5460568353388706
45,1.0000000000000002,0.9099999999999999,,-3.2640095148324906
45,1.3000000000000003,0.01,0.880898386185932,-2.1066063349644146
45,1.3000000000000003,0.31,,-1.8606462002746724
45,1.3000000000000003,0.61,,-3.3730002525802383
45,1.3000000000000003,0.9099999999999999,,-3.356391672647322
45,1.6000000000000003,0.01,0.8694033958252732,-2.338768541740389
45,1.6000000000000003,0.31,,-2.699631164593376
45,1.6000000000000003,0.61,,-3.133747845986508
45,1.6000000000000003,0.9099999999999999,,-3.3689278868892307
45,1.9000000000000004,0.01,0.8211632113354903,-3.051298605471478
45,1.9000000000000004,0.31,,-2.2733167312360534
45,1.9000000000000004,0.61,,-2.7122486549367704
45,1.9000000000000004,0.9099999999999999,,-3.4637838824818132
45,2.2000000000000006,0.01,0.8769970053956345,-2.0521143270559685
45,2.2000000000000006,0.31,,-2.9131814044566875
45,2.2000000000000006,0.61,,-2.9255833692992415
45,2.2000000000000006,0.9099999999999999,,-3.544914028270322
45,2.5000000000000004,0.01,0.8614171704567574,-2.438583123949644
45,2.5000000000000004,0.31,,-2.0847259463041308
45,2.5000000000000004,0.61,,-3.3651438885452802
45,2.5000000000000004,0.9099999999999999,,-3.0279489898955942
45,2.8000000000000003,0.01,0.8754984444422118,-2.1685632369927204
45,2.8000000000000003,0.31,,-2.2400766581270655
45,2.8000000000000003,0.61,,-2.656375292485401
45,2.8000000000000003,0.9099999999999999,,-4.089544526292797
45,3.1000000000000005,0.01,0.8985147803928785,-1.81693299235929
45,3.1000000000000005,0.31,,-3.027407727645105
45,3.1000000000000005,0.61,,-3.4031045343613906
45,3.1000000000000005,0.9099999999999999,,-3.9856264879366634
45,3.400000000000001,0.01,0.8964556351084915,-1.8947569358081184
45,3.400000000000001,0.31,,-1.8969836510180775
45,3.400000000000001,0.61,,-3.2402468309165853
45,3.400000000000001,0.9099999999999999,,-3.3949040501261103
45,3.7000000000000006,0.01,0.9258055602719618,-1.4787053162740085
45,3.7000000000000006,0.31,,-2.8542230202951466
45,3.7000000000000006,0.61,,-2.925609700525196
45,3.7000000000000006,0.9099999999999999,,-4.234811468773745
45,4.0,0.01,0.8746006272291896,-2.252785024687005
45,4.0,0.31,,-2.651748773257244
45,4.0,0.61,,-3.0333020103041823
45,4.0,0.9099999999999999,,-3.8219493257699884
45,4.300000000000001,0.01,0.9233086784517524,-1.3143566440199814
45,4.300000000000001,0.31,,-2.106716934691359
45,4.300000000000001,0.61,,-3.6516258961843353
45,4.300000000000001,0.9099999999999999,,-3.5697162834260703
45,4.6000000000000005,0.01,0.9247699754296407,-1.5023432106806471
45,4.6000000000000005,0.31,,-2.0736441820496614
45,4.6000000000000005,0.61,,-3.0413866496205566
45,4.6000000000000005,0.9099999999999999,,-3.5807544130099207
45,4.9,0.01,0.9117161946270975,-1.4322935079495696
45,4.9,0.31,,-2.887866904008381
45,4.9,0.61,,-3.570730543843681
45,4.9,0.9099999999999999,,-3.7018879341877136
